,m,q,r,n,k,d,k*
0,2,0,1,4,2,2,1
1,3,0,1,8,3,2,2
2,3,0,2,8,6,2,1
3,3,1,2,8,3,2,0
4,4,0,1,16,4,2,3
5,4,0,2,16,10,2,1
6,4,1,2,16,6,4,1
7,4,0,3,16,14,2,1
8,4,1,3,16,10,2,0
9,4,2,3,16,4,2,0
10,5,0,1,32,5,2,4
11,5,0,2,32,15,2,2
12,5,1,2,32,10,4,1
13,5,0,3,32,25,2,1
14,5,1,3,32,20,4,1
15,5,2,3,32,10,4,0
16,5,0,4,32,30,2,1
17,5,1,4,32,25,2,0
18,5,2,4,32,15,2,0
19,5,3,4,32,5,2,0
20,6,0,1,64,6,2,5
21,6,0,2,64,21,2,2
22,6,1,2,64,15,4,2
23,6,0,3,64,41,2,1
24,6,1,3,64,35,4,1
25,6,2,3,64,20,8,1
26,6,0,4,64,56,2,1
27,6,1,4,64,50,4,1
28,6,2,4,64,35,4,0
29,6,3,4,64,15,4,0
30,6,0,5,64,62,2,1
31,6,1,5,64,56,2,0
32,6,2,5,64,41,2,0
33,6,3,5,64,21,2,0
34,6,4,5,64,6,2,0
35,7,0,1,128,7,2,6
36,7,0,2,128,28,2,3
37,7,1,2,128,21,4,2
38,7,0,3,128,63,2,2
39,7,1,3,128,56,4,1
40,7,2,3,128,35,8,1
41,7,0,4,128,98,2,1
42,7,1,4,128,91,4,1
43,7,2,4,128,70,8,1
44,7,3,4,128,35,8,0
45,7,0,5,128,119,2,1
46,7,1,5,128,112,4,1
47,7,2,5,128,91,4,0
48,7,3,5,128,56,4,0
49,7,4,5,128,21,4,0
50,7,0,6,128,126,2,1
51,7,1,6,128,119,2,0
52,7,2,6,128,98,2,0
53,7,3,6,128,63,2,0
54,7,4,6,128,28,2,0
55,7,5,6,128,7,2,0
56,8,0,1,256,8,2,7
57,8,0,2,256,36,2,3
58,8,1,2,256,28,4,3
59,8,0,3,256,92,2,2
60,8,1,3,256,84,4,2
61,8,2,3,256,56,8,1
62,8,0,4,256,162,2,1
63,8,1,4,256,154,4,1
64,8,2,4,256,126,8,1
65,8,3,4,256,70,16,1
66,8,0,5,256,218,2,1
67,8,1,5,256,210,4,1
68,8,2,5,256,182,8,1
69,8,3,5,256,126,8,0
70,8,4,5,256,56,8,0
71,8,0,6,256,246,2,1
72,8,1,6,256,238,4,1
73,8,2,6,256,210,4,0
74,8,3,6,256,154,4,0
75,8,4,6,256,84,4,0
76,8,5,6,256,28,4,0
77,8,0,7,256,254,2,1
78,8,1,7,256,246,2,0
79,8,2,7,256,218,2,0
80,8,3,7,256,162,2,0
81,8,4,7,256,92,2,0
82,8,5,7,256,36,2,0
83,8,6,7,256,8,2,0
84,9,0,1,512,9,2,8
85,9,0,2,512,45,2,4
86,9,1,2,512,36,4,3
87,9,0,3,512,129,2,2
88,9,1,3,512,120,4,2
89,9,2,3,512,84,8,2
90,9,0,4,512,255,2,2
91,9,1,4,512,246,4,1
92,9,2,4,512,210,8,1
93,9,3,4,512,126,16,1
94,9,0,5,512,381,2,1
95,9,1,5,512,372,4,1
96,9,2,5,512,336,8,1
97,9,3,5,512,252,16,1
98,9,4,5,512,126,16,0
99,9,0,6,512,465,2,1
100,9,1,6,512,456,4,1
101,9,2,6,512,420,8,1
102,9,3,6,512,336,8,0
103,9,4,6,512,210,8,0
104,9,5,6,512,84,8,0
105,9,0,7,512,501,2,1
106,9,1,7,512,492,4,1
107,9,2,7,512,456,4,0
108,9,3,7,512,372,4,0
109,9,4,7,512,246,4,0
110,9,5,7,512,120,4,0
111,9,6,7,512,36,4,0
112,9,0,8,512,510,2,1
113,9,1,8,512,501,2,0
114,9,2,8,512,465,2,0
115,9,3,8,512,381,2,0
116,9,4,8,512,255,2,0
117,9,5,8,512,129,2,0
118,9,6,8,512,45,2,0
119,9,7,8,512,9,2,0
120,10,0,1,1024,10,2,9
121,10,0,2,1024,55,2,4
122,10,1,2,1024,45,4,4
123,10,0,3,1024,175,2,3
124,10,1,3,1024,165,4,2
125,10,2,3,1024,120,8,2
126,10,0,4,1024,385,2,2
127,10,1,4,1024,375,4,2
128,10,2,4,1024,330,8,1
129,10,3,4,1024,210,16,1
130,10,0,5,1024,637,2,1
131,10,1,5,1024,627,4,1
132,10,2,5,1024,582,8,1
133,10,3,5,1024,462,16,1
134,10,4,5,1024,252,32,1
135,10,0,6,1024,847,2,1
136,10,1,6,1024,837,4,1
137,10,2,6,1024,792,8,1
138,10,3,6,1024,672,16,1
139,10,4,6,1024,462,16,0
140,10,5,6,1024,210,16,0
141,10,0,7,1024,967,2,1
142,10,1,7,1024,957,4,1
143,10,2,7,1024,912,8,1
144,10,3,7,1024,792,8,0
145,10,4,7,1024,582,8,0
146,10,5,7,1024,330,8,0
147,10,6,7,1024,120,8,0
148,10,0,8,1024,1012,2,1
149,10,1,8,1024,1002,4,1
150,10,2,8,1024,957,4,0
151,10,3,8,1024,837,4,0
152,10,4,8,1024,627,4,0
153,10,5,8,1024,375,4,0
154,10,6,8,1024,165,4,0
155,10,7,8,1024,45,4,0
156,10,0,9,1024,1022,2,1
157,10,1,9,1024,1012,2,0
158,10,2,9,1024,967,2,0
159,10,3,9,1024,847,2,0
160,10,4,9,1024,637,2,0
161,10,5,9,1024,385,2,0
162,10,6,9,1024,175,2,0
163,10,7,9,1024,55,2,0
164,10,8,9,1024,10,2,0
165,11,0,1,2048,11,2,10
166,11,0,2,2048,66,2,5
167,11,1,2,2048,55,4,4
168,11,0,3,2048,231,2,3
169,11,1,3,2048,220,4,3
170,11,2,3,2048,165,8,2
171,11,0,4,2048,561,2,2
172,11,1,4,2048,550,4,2
173,11,2,4,2048,495,8,2
174,11,3,4,2048,330,16,1
175,11,0,5,2048,1023,2,2
176,11,1,5,2048,1012,4,1
177,11,2,5,2048,957,8,1
178,11,3,5,2048,792,16,1
179,11,4,5,2048,462,32,1
180,11,0,6,2048,1485,2,1
181,11,1,6,2048,1474,4,1
182,11,2,6,2048,1419,8,1
183,11,3,6,2048,1254,16,1
184,11,4,6,2048,924,32,1
185,11,5,6,2048,462,32,0
186,11,0,7,2048,1815,2,1
187,11,1,7,2048,1804,4,1
188,11,2,7,2048,1749,8,1
189,11,3,7,2048,1584,16,1
190,11,4,7,2048,1254,16,0
191,11,5,7,2048,792,16,0
192,11,6,7,2048,330,16,0
193,11,0,8,2048,1980,2,1
194,11,1,8,2048,1969,4,1
195,11,2,8,2048,1914,8,1
196,11,3,8,2048,1749,8,0
197,11,4,8,2048,1419,8,0
198,11,5,8,2048,957,8,0
199,11,6,8,2048,495,8,0
200,11,7,8,2048,165,8,0
201,11,0,9,2048,2035,2,1
202,11,1,9,2048,2024,4,1
203,11,2,9,2048,1969,4,0
204,11,3,9,2048,1804,4,0
205,11,4,9,2048,1474,4,0
206,11,5,9,2048,1012,4,0
207,11,6,9,2048,550,4,0
208,11,7,9,2048,220,4,0
209,11,8,9,2048,55,4,0
210,11,0,10,2048,2046,2,1
211,11,1,10,2048,2035,2,0
212,11,2,10,2048,1980,2,0
213,11,3,10,2048,1815,2,0
214,11,4,10,2048,1485,2,0
215,11,5,10,2048,1023,2,0
216,11,6,10,2048,561,2,0
217,11,7,10,2048,231,2,0
218,11,8,10,2048,66,2,0
219,11,9,10,2048,11,2,0
220,12,0,1,4096,12,2,11
221,12,0,2,4096,78,2,5
222,12,1,2,4096,66,4,5
223,12,0,3,4096,298,2,3
224,12,1,3,4096,286,4,3
225,12,2,3,4096,220,8,3
226,12,0,4,4096,793,2,2
227,12,1,4,4096,781,4,2
228,12,2,4,4096,715,8,2
229,12,3,4,4096,495,16,2
230,12,0,5,4096,1585,2,2
231,12,1,5,4096,1573,4,2
232,12,2,5,4096,1507,8,1
233,12,3,5,4096,1287,16,1
234,12,4,5,4096,792,32,1
235,12,0,6,4096,2509,2,1
236,12,1,6,4096,2497,4,1
237,12,2,6,4096,2431,8,1
238,12,3,6,4096,2211,16,1
239,12,4,6,4096,1716,32,1
240,12,5,6,4096,924,64,1
241,12,0,7,4096,3301,2,1
242,12,1,7,4096,3289,4,1
243,12,2,7,4096,3223,8,1
244,12,3,7,4096,3003,16,1
245,12,4,7,4096,2508,32,1
246,12,5,7,4096,1716,32,0
247,12,6,7,4096,792,32,0
248,12,0,8,4096,3796,2,1
249,12,1,8,4096,3784,4,1
250,12,2,8,4096,3718,8,1
251,12,3,8,4096,3498,16,1
252,12,4,8,4096,3003,16,0
253,12,5,8,4096,2211,16,0
254,12,6,8,4096,1287,16,0
255,12,7,8,4096,495,16,0
256,12,0,9,4096,4016,2,1
257,12,1,9,4096,4004,4,1
258,12,2,9,4096,3938,8,1
259,12,3,9,4096,3718,8,0
260,12,4,9,4096,3223,8,0
261,12,5,9,4096,2431,8,0
262,12,6,9,4096,1507,8,0
263,12,7,9,4096,715,8,0
264,12,8,9,4096,220,8,0
265,12,0,10,4096,4082,2,1
266,12,1,10,4096,4070,4,1
267,12,2,10,4096,4004,4,0
268,12,3,10,4096,3784,4,0
269,12,4,10,4096,3289,4,0
270,12,5,10,4096,2497,4,0
271,12,6,10,4096,1573,4,0
272,12,7,10,4096,781,4,0
273,12,8,10,4096,286,4,0
274,12,9,10,4096,66,4,0
275,12,0,11,4096,4094,2,1
276,12,1,11,4096,4082,2,0
277,12,2,11,4096,4016,2,0
278,12,3,11,4096,3796,2,0
279,12,4,11,4096,3301,2,0
280,12,5,11,4096,2509,2,0
281,12,6,11,4096,1585,2,0
282,12,7,11,4096,793,2,0
283,12,8,11,4096,298,2,0
284,12,9,11,4096,78,2,0
285,12,10,11,4096,12,2,0
286,13,0,1,8192,13,2,12
287,13,0,2,8192,91,2,6
288,13,1,2,8192,78,4,5
289,13,0,3,8192,377,2,4
290,13,1,3,8192,364,4,3
291,13,2,3,8192,286,8,3
292,13,0,4,8192,1092,2,3
293,13,1,4,8192,1079,4,2
294,13,2,4,8192,1001,8,2
295,13,3,4,8192,715,16,2
296,13,0,5,8192,2379,2,2
297,13,1,5,8192,2366,4,2
298,13,2,5,8192,2288,8,2
299,13,3,5,8192,2002,16,1
300,13,4,5,8192,1287,32,1
301,13,0,6,8192,4095,2,2
302,13,1,6,8192,4082,4,1
303,13,2,6,8192,4004,8,1
304,13,3,6,8192,3718,16,1
305,13,4,6,8192,3003,32,1
306,13,5,6,8192,1716,64,1
307,13,0,7,8192,5811,2,1
308,13,1,7,8192,5798,4,1
309,13,2,7,8192,5720,8,1
310,13,3,7,8192,5434,16,1
311,13,4,7,8192,4719,32,1
312,13,5,7,8192,3432,64,1
313,13,6,7,8192,1716,64,0
314,13,0,8,8192,7098,2,1
315,13,1,8,8192,7085,4,1
316,13,2,8,8192,7007,8,1
317,13,3,8,8192,6721,16,1
318,13,4,8,8192,6006,32,1
319,13,5,8,8192,4719,32,0
320,13,6,8,8192,3003,32,0
321,13,7,8,8192,1287,32,0
322,13,0,9,8192,7813,2,1
323,13,1,9,8192,7800,4,1
324,13,2,9,8192,7722,8,1
325,13,3,9,8192,7436,16,1
326,13,4,9,8192,6721,16,0
327,13,5,9,8192,5434,16,0
328,13,6,9,8192,3718,16,0
329,13,7,9,8192,2002,16,0
330,13,8,9,8192,715,16,0
331,13,0,10,8192,8099,2,1
332,13,1,10,8192,8086,4,1
333,13,2,10,8192,8008,8,1
334,13,3,10,8192,7722,8,0
335,13,4,10,8192,7007,8,0
336,13,5,10,8192,5720,8,0
337,13,6,10,8192,4004,8,0
338,13,7,10,8192,2288,8,0
339,13,8,10,8192,1001,8,0
340,13,9,10,8192,286,8,0
341,13,0,11,8192,8177,2,1
342,13,1,11,8192,8164,4,1
343,13,2,11,8192,8086,4,0
344,13,3,11,8192,7800,4,0
345,13,4,11,8192,7085,4,0
346,13,5,11,8192,5798,4,0
347,13,6,11,8192,4082,4,0
348,13,7,11,8192,2366,4,0
349,13,8,11,8192,1079,4,0
350,13,9,11,8192,364,4,0
351,13,10,11,8192,78,4,0
352,13,0,12,8192,8190,2,1
353,13,1,12,8192,8177,2,0
354,13,2,12,8192,8099,2,0
355,13,3,12,8192,7813,2,0
356,13,4,12,8192,7098,2,0
357,13,5,12,8192,5811,2,0
358,13,6,12,8192,4095,2,0
359,13,7,12,8192,2379,2,0
360,13,8,12,8192,1092,2,0
361,13,9,12,8192,377,2,0
362,13,10,12,8192,91,2,0
363,13,11,12,8192,13,2,0
364,14,0,1,16384,14,2,13
365,14,0,2,16384,105,2,6
366,14,1,2,16384,91,4,6
367,14,0,3,16384,469,2,4
368,14,1,3,16384,455,4,4
369,14,2,3,16384,364,8,3
370,14,0,4,16384,1470,2,3
371,14,1,4,16384,1456,4,3
372,14,2,4,16384,1365,8,2
373,14,3,4,16384,1001,16,2
374,14,0,5,16384,3472,2,2
375,14,1,5,16384,3458,4,2
376,14,2,5,16384,3367,8,2
377,14,3,5,16384,3003,16,2
378,14,4,5,16384,2002,32,1
379,14,0,6,16384,6475,2,2
380,14,1,6,16384,6461,4,2
381,14,2,6,16384,6370,8,1
382,14,3,6,16384,6006,16,1
383,14,4,6,16384,5005,32,1
384,14,5,6,16384,3003,64,1
385,14,0,7,16384,9907,2,1
386,14,1,7,16384,9893,4,1
387,14,2,7,16384,9802,8,1
388,14,3,7,16384,9438,16,1
389,14,4,7,16384,8437,32,1
390,14,5,7,16384,6435,64,1
391,14,6,7,16384,3432,128,1
392,14,0,8,16384,12910,2,1
393,14,1,8,16384,12896,4,1
394,14,2,8,16384,12805,8,1
395,14,3,8,16384,12441,16,1
396,14,4,8,16384,11440,32,1
397,14,5,8,16384,9438,64,1
398,14,6,8,16384,6435,64,0
399,14,7,8,16384,3003,64,0
400,14,0,9,16384,14912,2,1
401,14,1,9,16384,14898,4,1
402,14,2,9,16384,14807,8,1
403,14,3,9,16384,14443,16,1
404,14,4,9,16384,13442,32,1
405,14,5,9,16384,11440,32,0
406,14,6,9,16384,8437,32,0
407,14,7,9,16384,5005,32,0
408,14,8,9,16384,2002,32,0
409,14,0,10,16384,15913,2,1
410,14,1,10,16384,15899,4,1
411,14,2,10,16384,15808,8,1
412,14,3,10,16384,15444,16,1
413,14,4,10,16384,14443,16,0
414,14,5,10,16384,12441,16,0
415,14,6,10,16384,9438,16,0
416,14,7,10,16384,6006,16,0
417,14,8,10,16384,3003,16,0
418,14,9,10,16384,1001,16,0
419,14,0,11,16384,16277,2,1
420,14,1,11,16384,16263,4,1
421,14,2,11,16384,16172,8,1
422,14,3,11,16384,15808,8,0
423,14,4,11,16384,14807,8,0
424,14,5,11,16384,12805,8,0
425,14,6,11,16384,9802,8,0
426,14,7,11,16384,6370,8,0
427,14,8,11,16384,3367,8,0
428,14,9,11,16384,1365,8,0
429,14,10,11,16384,364,8,0
430,14,0,12,16384,16368,2,1
431,14,1,12,16384,16354,4,1
432,14,2,12,16384,16263,4,0
433,14,3,12,16384,15899,4,0
434,14,4,12,16384,14898,4,0
435,14,5,12,16384,12896,4,0
436,14,6,12,16384,9893,4,0
437,14,7,12,16384,6461,4,0
438,14,8,12,16384,3458,4,0
439,14,9,12,16384,1456,4,0
440,14,10,12,16384,455,4,0
441,14,11,12,16384,91,4,0
442,14,0,13,16384,16382,2,1
443,14,1,13,16384,16368,2,0
444,14,2,13,16384,16277,2,0
445,14,3,13,16384,15913,2,0
446,14,4,13,16384,14912,2,0
447,14,5,13,16384,12910,2,0
448,14,6,13,16384,9907,2,0
449,14,7,13,16384,6475,2,0
450,14,8,13,16384,3472,2,0
451,14,9,13,16384,1470,2,0
452,14,10,13,16384,469,2,0
453,14,11,13,16384,105,2,0
454,14,12,13,16384,14,2,0
455,15,0,1,32768,15,2,14
456,15,0,2,32768,120,2,7
457,15,1,2,32768,105,4,6
458,15,0,3,32768,575,2,4
459,15,1,3,32768,560,4,4
460,15,2,3,32768,455,8,4
461,15,0,4,32768,1940,2,3
462,15,1,4,32768,1925,4,3
463,15,2,4,32768,1820,8,3
464,15,3,4,32768,1365,16,2
465,15,0,5,32768,4943,2,2
466,15,1,5,32768,4928,4,2
467,15,2,5,32768,4823,8,2
468,15,3,5,32768,4368,16,2
469,15,4,5,32768,3003,32,2
470,15,0,6,32768,9948,2,2
471,15,1,6,32768,9933,4,2
472,15,2,6,32768,9828,8,2
473,15,3,6,32768,9373,16,1
474,15,4,6,32768,8008,32,1
475,15,5,6,32768,5005,64,1
476,15,0,7,32768,16383,2,2
477,15,1,7,32768,16368,4,1
478,15,2,7,32768,16263,8,1
479,15,3,7,32768,15808,16,1
480,15,4,7,32768,14443,32,1
481,15,5,7,32768,11440,64,1
482,15,6,7,32768,6435,128,1
483,15,0,8,32768,22818,2,1
484,15,1,8,32768,22803,4,1
485,15,2,8,32768,22698,8,1
486,15,3,8,32768,22243,16,1
487,15,4,8,32768,20878,32,1
488,15,5,8,32768,17875,64,1
489,15,6,8,32768,12870,128,1
490,15,7,8,32768,6435,128,0
491,15,0,9,32768,27823,2,1
492,15,1,9,32768,27808,4,1
493,15,2,9,32768,27703,8,1
494,15,3,9,32768,27248,16,1
495,15,4,9,32768,25883,32,1
496,15,5,9,32768,22880,64,1
497,15,6,9,32768,17875,64,0
498,15,7,9,32768,11440,64,0
499,15,8,9,32768,5005,64,0
500,15,0,10,32768,30826,2,1
501,15,1,10,32768,30811,4,1
502,15,2,10,32768,30706,8,1
503,15,3,10,32768,30251,16,1
504,15,4,10,32768,28886,32,1
505,15,5,10,32768,25883,32,0
506,15,6,10,32768,20878,32,0
507,15,7,10,32768,14443,32,0
508,15,8,10,32768,8008,32,0
509,15,9,10,32768,3003,32,0
510,15,0,11,32768,32191,2,1
511,15,1,11,32768,32176,4,1
512,15,2,11,32768,32071,8,1
513,15,3,11,32768,31616,16,1
514,15,4,11,32768,30251,16,0
515,15,5,11,32768,27248,16,0
516,15,6,11,32768,22243,16,0
517,15,7,11,32768,15808,16,0
518,15,8,11,32768,9373,16,0
519,15,9,11,32768,4368,16,0
520,15,10,11,32768,1365,16,0
521,15,0,12,32768,32646,2,1
522,15,1,12,32768,32631,4,1
523,15,2,12,32768,32526,8,1
524,15,3,12,32768,32071,8,0
525,15,4,12,32768,30706,8,0
526,15,5,12,32768,27703,8,0
527,15,6,12,32768,22698,8,0
528,15,7,12,32768,16263,8,0
529,15,8,12,32768,9828,8,0
530,15,9,12,32768,4823,8,0
531,15,10,12,32768,1820,8,0
532,15,11,12,32768,455,8,0
533,15,0,13,32768,32751,2,1
534,15,1,13,32768,32736,4,1
535,15,2,13,32768,32631,4,0
536,15,3,13,32768,32176,4,0
537,15,4,13,32768,30811,4,0
538,15,5,13,32768,27808,4,0
539,15,6,13,32768,22803,4,0
540,15,7,13,32768,16368,4,0
541,15,8,13,32768,9933,4,0
542,15,9,13,32768,4928,4,0
543,15,10,13,32768,1925,4,0
544,15,11,13,32768,560,4,0
545,15,12,13,32768,105,4,0
546,15,0,14,32768,32766,2,1
547,15,1,14,32768,32751,2,0
548,15,2,14,32768,32646,2,0
549,15,3,14,32768,32191,2,0
550,15,4,14,32768,30826,2,0
551,15,5,14,32768,27823,2,0
552,15,6,14,32768,22818,2,0
553,15,7,14,32768,16383,2,0
554,15,8,14,32768,9948,2,0
555,15,9,14,32768,4943,2,0
556,15,10,14,32768,1940,2,0
557,15,11,14,32768,575,2,0
558,15,12,14,32768,120,2,0
559,15,13,14,32768,15,2,0
560,16,0,1,65536,16,2,15
561,16,0,2,65536,136,2,7
562,16,1,2,65536,120,4,7
563,16,0,3,65536,696,2,5
564,16,1,3,65536,680,4,4
565,16,2,3,65536,560,8,4
566,16,0,4,65536,2516,2,3
567,16,1,4,65536,2500,4,3
568,16,2,4,65536,2380,8,3
569,16,3,4,65536,1820,16,3
570,16,0,5,65536,6884,2,3
571,16,1,5,65536,6868,4,2
572,16,2,5,65536,6748,8,2
573,16,3,5,65536,6188,16,2
574,16,4,5,65536,4368,32,2
575,16,0,6,65536,14892,2,2
576,16,1,6,65536,14876,4,2
577,16,2,6,65536,14756,8,2
578,16,3,6,65536,14196,16,2
579,16,4,6,65536,12376,32,1
580,16,5,6,65536,8008,64,1
581,16,0,7,65536,26332,2,2
582,16,1,7,65536,26316,4,2
583,16,2,7,65536,26196,8,1
584,16,3,7,65536,25636,16,1
585,16,4,7,65536,23816,32,1
586,16,5,7,65536,19448,64,1
587,16,6,7,65536,11440,128,1
588,16,0,8,65536,39202,2,1
589,16,1,8,65536,39186,4,1
590,16,2,8,65536,39066,8,1
591,16,3,8,65536,38506,16,1
592,16,4,8,65536,36686,32,1
593,16,5,8,65536,32318,64,1
594,16,6,8,65536,24310,128,1
595,16,7,8,65536,12870,256,1
596,16,0,9,65536,50642,2,1
597,16,1,9,65536,50626,4,1
598,16,2,9,65536,50506,8,1
599,16,3,9,65536,49946,16,1
600,16,4,9,65536,48126,32,1
601,16,5,9,65536,43758,64,1
602,16,6,9,65536,35750,128,1
603,16,7,9,65536,24310,128,0
604,16,8,9,65536,11440,128,0
605,16,0,10,65536,58650,2,1
606,16,1,10,65536,58634,4,1
607,16,2,10,65536,58514,8,1
608,16,3,10,65536,57954,16,1
609,16,4,10,65536,56134,32,1
610,16,5,10,65536,51766,64,1
611,16,6,10,65536,43758,64,0
612,16,7,10,65536,32318,64,0
613,16,8,10,65536,19448,64,0
614,16,9,10,65536,8008,64,0
615,16,0,11,65536,63018,2,1
616,16,1,11,65536,63002,4,1
617,16,2,11,65536,62882,8,1
618,16,3,11,65536,62322,16,1
619,16,4,11,65536,60502,32,1
620,16,5,11,65536,56134,32,0
621,16,6,11,65536,48126,32,0
622,16,7,11,65536,36686,32,0
623,16,8,11,65536,23816,32,0
624,16,9,11,65536,12376,32,0
625,16,10,11,65536,4368,32,0
626,16,0,12,65536,64838,2,1
627,16,1,12,65536,64822,4,1
628,16,2,12,65536,64702,8,1
629,16,3,12,65536,64142,16,1
630,16,4,12,65536,62322,16,0
631,16,5,12,65536,57954,16,0
632,16,6,12,65536,49946,16,0
633,16,7,12,65536,38506,16,0
634,16,8,12,65536,25636,16,0
635,16,9,12,65536,14196,16,0
636,16,10,12,65536,6188,16,0
637,16,11,12,65536,1820,16,0
638,16,0,13,65536,65398,2,1
639,16,1,13,65536,65382,4,1
640,16,2,13,65536,65262,8,1
641,16,3,13,65536,64702,8,0
642,16,4,13,65536,62882,8,0
643,16,5,13,65536,58514,8,0
644,16,6,13,65536,50506,8,0
645,16,7,13,65536,39066,8,0
646,16,8,13,65536,26196,8,0
647,16,9,13,65536,14756,8,0
648,16,10,13,65536,6748,8,0
649,16,11,13,65536,2380,8,0
650,16,12,13,65536,560,8,0
651,16,0,14,65536,65518,2,1
652,16,1,14,65536,65502,4,1
653,16,2,14,65536,65382,4,0
654,16,3,14,65536,64822,4,0
655,16,4,14,65536,63002,4,0
656,16,5,14,65536,58634,4,0
657,16,6,14,65536,50626,4,0
658,16,7,14,65536,39186,4,0
659,16,8,14,65536,26316,4,0
660,16,9,14,65536,14876,4,0
661,16,10,14,65536,6868,4,0
662,16,11,14,65536,2500,4,0
663,16,12,14,65536,680,4,0
664,16,13,14,65536,120,4,0
665,16,0,15,65536,65534,2,1
666,16,1,15,65536,65518,2,0
667,16,2,15,65536,65398,2,0
668,16,3,15,65536,64838,2,0
669,16,4,15,65536,63018,2,0
670,16,5,15,65536,58650,2,0
671,16,6,15,65536,50642,2,0
672,16,7,15,65536,39202,2,0
673,16,8,15,65536,26332,2,0
674,16,9,15,65536,14892,2,0
675,16,10,15,65536,6884,2,0
676,16,11,15,65536,2516,2,0
677,16,12,15,65536,696,2,0
678,16,13,15,65536,136,2,0
679,16,14,15,65536,16,2,0
680,17,0,1,131072,17,2,16
681,17,0,2,131072,153,2,8
682,17,1,2,131072,136,4,7
683,17,0,3,131072,833,2,5
684,17,1,3,131072,816,4,5
685,17,2,3,131072,680,8,4
686,17,0,4,131072,3213,2,4
687,17,1,4,131072,3196,4,3
688,17,2,4,131072,3060,8,3
689,17,3,4,131072,2380,16,3
690,17,0,5,131072,9401,2,3
691,17,1,5,131072,9384,4,3
692,17,2,5,131072,9248,8,2
693,17,3,5,131072,8568,16,2
694,17,4,5,131072,6188,32,2
695,17,0,6,131072,21777,2,2
696,17,1,6,131072,21760,4,2
697,17,2,6,131072,21624,8,2
698,17,3,6,131072,20944,16,2
699,17,4,6,131072,18564,32,2
700,17,5,6,131072,12376,64,1
701,17,0,7,131072,41225,2,2
702,17,1,7,131072,41208,4,2
703,17,2,7,131072,41072,8,2
704,17,3,7,131072,40392,16,1
705,17,4,7,131072,38012,32,1
706,17,5,7,131072,31824,64,1
707,17,6,7,131072,19448,128,1
708,17,0,8,131072,65535,2,2
709,17,1,8,131072,65518,4,1
710,17,2,8,131072,65382,8,1
711,17,3,8,131072,64702,16,1
712,17,4,8,131072,62322,32,1
713,17,5,8,131072,56134,64,1
714,17,6,8,131072,43758,128,1
715,17,7,8,131072,24310,256,1
716,17,0,9,131072,89845,2,1
717,17,1,9,131072,89828,4,1
718,17,2,9,131072,89692,8,1
719,17,3,9,131072,89012,16,1
720,17,4,9,131072,86632,32,1
721,17,5,9,131072,80444,64,1
722,17,6,9,131072,68068,128,1
723,17,7,9,131072,48620,256,1
724,17,8,9,131072,24310,256,0
725,17,0,10,131072,109293,2,1
726,17,1,10,131072,109276,4,1
727,17,2,10,131072,109140,8,1
728,17,3,10,131072,108460,16,1
729,17,4,10,131072,106080,32,1
730,17,5,10,131072,99892,64,1
731,17,6,10,131072,87516,128,1
732,17,7,10,131072,68068,128,0
733,17,8,10,131072,43758,128,0
734,17,9,10,131072,19448,128,0
735,17,0,11,131072,121669,2,1
736,17,1,11,131072,121652,4,1
737,17,2,11,131072,121516,8,1
738,17,3,11,131072,120836,16,1
739,17,4,11,131072,118456,32,1
740,17,5,11,131072,112268,64,1
741,17,6,11,131072,99892,64,0
742,17,7,11,131072,80444,64,0
743,17,8,11,131072,56134,64,0
744,17,9,11,131072,31824,64,0
745,17,10,11,131072,12376,64,0
746,17,0,12,131072,127857,2,1
747,17,1,12,131072,127840,4,1
748,17,2,12,131072,127704,8,1
749,17,3,12,131072,127024,16,1
750,17,4,12,131072,124644,32,1
751,17,5,12,131072,118456,32,0
752,17,6,12,131072,106080,32,0
753,17,7,12,131072,86632,32,0
754,17,8,12,131072,62322,32,0
755,17,9,12,131072,38012,32,0
756,17,10,12,131072,18564,32,0
757,17,11,12,131072,6188,32,0
758,17,0,13,131072,130237,2,1
759,17,1,13,131072,130220,4,1
760,17,2,13,131072,130084,8,1
761,17,3,13,131072,129404,16,1
762,17,4,13,131072,127024,16,0
763,17,5,13,131072,120836,16,0
764,17,6,13,131072,108460,16,0
765,17,7,13,131072,89012,16,0
766,17,8,13,131072,64702,16,0
767,17,9,13,131072,40392,16,0
768,17,10,13,131072,20944,16,0
769,17,11,13,131072,8568,16,0
770,17,12,13,131072,2380,16,0
771,17,0,14,131072,130917,2,1
772,17,1,14,131072,130900,4,1
773,17,2,14,131072,130764,8,1
774,17,3,14,131072,130084,8,0
775,17,4,14,131072,127704,8,0
776,17,5,14,131072,121516,8,0
777,17,6,14,131072,109140,8,0
778,17,7,14,131072,89692,8,0
779,17,8,14,131072,65382,8,0
780,17,9,14,131072,41072,8,0
781,17,10,14,131072,21624,8,0
782,17,11,14,131072,9248,8,0
783,17,12,14,131072,3060,8,0
784,17,13,14,131072,680,8,0
785,17,0,15,131072,131053,2,1
786,17,1,15,131072,131036,4,1
787,17,2,15,131072,130900,4,0
788,17,3,15,131072,130220,4,0
789,17,4,15,131072,127840,4,0
790,17,5,15,131072,121652,4,0
791,17,6,15,131072,109276,4,0
792,17,7,15,131072,89828,4,0
793,17,8,15,131072,65518,4,0
794,17,9,15,131072,41208,4,0
795,17,10,15,131072,21760,4,0
796,17,11,15,131072,9384,4,0
797,17,12,15,131072,3196,4,0
798,17,13,15,131072,816,4,0
799,17,14,15,131072,136,4,0
800,17,0,16,131072,131070,2,1
801,17,1,16,131072,131053,2,0
802,17,2,16,131072,130917,2,0
803,17,3,16,131072,130237,2,0
804,17,4,16,131072,127857,2,0
805,17,5,16,131072,121669,2,0
806,17,6,16,131072,109293,2,0
807,17,7,16,131072,89845,2,0
808,17,8,16,131072,65535,2,0
809,17,9,16,131072,41225,2,0
810,17,10,16,131072,21777,2,0
811,17,11,16,131072,9401,2,0
812,17,12,16,131072,3213,2,0
813,17,13,16,131072,833,2,0
814,17,14,16,131072,153,2,0
815,17,15,16,131072,17,2,0
816,18,0,1,262144,18,2,17
817,18,0,2,262144,171,2,8
818,18,1,2,262144,153,4,8
819,18,0,3,262144,987,2,5
820,18,1,3,262144,969,4,5
821,18,2,3,262144,816,8,5
822,18,0,4,262144,4047,2,4
823,18,1,4,262144,4029,4,4
824,18,2,4,262144,3876,8,3
825,18,3,4,262144,3060,16,3
826,18,0,5,262144,12615,2,3
827,18,1,5,262144,12597,4,3
828,18,2,5,262144,12444,8,3
829,18,3,5,262144,11628,16,2
830,18,4,5,262144,8568,32,2
831,18,0,6,262144,31179,2,2
832,18,1,6,262144,31161,4,2
833,18,2,6,262144,31008,8,2
834,18,3,6,262144,30192,16,2
835,18,4,6,262144,27132,32,2
836,18,5,6,262144,18564,64,2
837,18,0,7,262144,63003,2,2
838,18,1,7,262144,62985,4,2
839,18,2,7,262144,62832,8,2
840,18,3,7,262144,62016,16,2
841,18,4,7,262144,58956,32,1
842,18,5,7,262144,50388,64,1
843,18,6,7,262144,31824,128,1
844,18,0,8,262144,106761,2,2
845,18,1,8,262144,106743,4,2
846,18,2,8,262144,106590,8,1
847,18,3,8,262144,105774,16,1
848,18,4,8,262144,102714,32,1
849,18,5,8,262144,94146,64,1
850,18,6,8,262144,75582,128,1
851,18,7,8,262144,43758,256,1
852,18,0,9,262144,155381,2,1
853,18,1,9,262144,155363,4,1
854,18,2,9,262144,155210,8,1
855,18,3,9,262144,154394,16,1
856,18,4,9,262144,151334,32,1
857,18,5,9,262144,142766,64,1
858,18,6,9,262144,124202,128,1
859,18,7,9,262144,92378,256,1
860,18,8,9,262144,48620,512,1
861,18,0,10,262144,199139,2,1
862,18,1,10,262144,199121,4,1
863,18,2,10,262144,198968,8,1
864,18,3,10,262144,198152,16,1
865,18,4,10,262144,195092,32,1
866,18,5,10,262144,186524,64,1
867,18,6,10,262144,167960,128,1
868,18,7,10,262144,136136,256,1
869,18,8,10,262144,92378,256,0
870,18,9,10,262144,43758,256,0
871,18,0,11,262144,230963,2,1
872,18,1,11,262144,230945,4,1
873,18,2,11,262144,230792,8,1
874,18,3,11,262144,229976,16,1
875,18,4,11,262144,226916,32,1
876,18,5,11,262144,218348,64,1
877,18,6,11,262144,199784,128,1
878,18,7,11,262144,167960,128,0
879,18,8,11,262144,124202,128,0
880,18,9,11,262144,75582,128,0
881,18,10,11,262144,31824,128,0
882,18,0,12,262144,249527,2,1
883,18,1,12,262144,249509,4,1
884,18,2,12,262144,249356,8,1
885,18,3,12,262144,248540,16,1
886,18,4,12,262144,245480,32,1
887,18,5,12,262144,236912,64,1
888,18,6,12,262144,218348,64,0
889,18,7,12,262144,186524,64,0
890,18,8,12,262144,142766,64,0
891,18,9,12,262144,94146,64,0
892,18,10,12,262144,50388,64,0
893,18,11,12,262144,18564,64,0
894,18,0,13,262144,258095,2,1
895,18,1,13,262144,258077,4,1
896,18,2,13,262144,257924,8,1
897,18,3,13,262144,257108,16,1
898,18,4,13,262144,254048,32,1
899,18,5,13,262144,245480,32,0
900,18,6,13,262144,226916,32,0
901,18,7,13,262144,195092,32,0
902,18,8,13,262144,151334,32,0
903,18,9,13,262144,102714,32,0
904,18,10,13,262144,58956,32,0
905,18,11,13,262144,27132,32,0
906,18,12,13,262144,8568,32,0
907,18,0,14,262144,261155,2,1
908,18,1,14,262144,261137,4,1
909,18,2,14,262144,260984,8,1
910,18,3,14,262144,260168,16,1
911,18,4,14,262144,257108,16,0
912,18,5,14,262144,248540,16,0
913,18,6,14,262144,229976,16,0
914,18,7,14,262144,198152,16,0
915,18,8,14,262144,154394,16,0
916,18,9,14,262144,105774,16,0
917,18,10,14,262144,62016,16,0
918,18,11,14,262144,30192,16,0
919,18,12,14,262144,11628,16,0
920,18,13,14,262144,3060,16,0
921,18,0,15,262144,261971,2,1
922,18,1,15,262144,261953,4,1
923,18,2,15,262144,261800,8,1
924,18,3,15,262144,260984,8,0
925,18,4,15,262144,257924,8,0
926,18,5,15,262144,249356,8,0
927,18,6,15,262144,230792,8,0
928,18,7,15,262144,198968,8,0
929,18,8,15,262144,155210,8,0
930,18,9,15,262144,106590,8,0
931,18,10,15,262144,62832,8,0
932,18,11,15,262144,31008,8,0
933,18,12,15,262144,12444,8,0
934,18,13,15,262144,3876,8,0
935,18,14,15,262144,816,8,0
936,18,0,16,262144,262124,2,1
937,18,1,16,262144,262106,4,1
938,18,2,16,262144,261953,4,0
939,18,3,16,262144,261137,4,0
940,18,4,16,262144,258077,4,0
941,18,5,16,262144,249509,4,0
942,18,6,16,262144,230945,4,0
943,18,7,16,262144,199121,4,0
944,18,8,16,262144,155363,4,0
945,18,9,16,262144,106743,4,0
946,18,10,16,262144,62985,4,0
947,18,11,16,262144,31161,4,0
948,18,12,16,262144,12597,4,0
949,18,13,16,262144,4029,4,0
950,18,14,16,262144,969,4,0
951,18,15,16,262144,153,4,0
952,18,0,17,262144,262142,2,1
953,18,1,17,262144,262124,2,0
954,18,2,17,262144,261971,2,0
955,18,3,17,262144,261155,2,0
956,18,4,17,262144,258095,2,0
957,18,5,17,262144,249527,2,0
958,18,6,17,262144,230963,2,0
959,18,7,17,262144,199139,2,0
960,18,8,17,262144,155381,2,0
961,18,9,17,262144,106761,2,0
962,18,10,17,262144,63003,2,0
963,18,11,17,262144,31179,2,0
964,18,12,17,262144,12615,2,0
965,18,13,17,262144,4047,2,0
966,18,14,17,262144,987,2,0
967,18,15,17,262144,171,2,0
968,18,16,17,262144,18,2,0
969,19,0,1,524288,19,2,18
970,19,0,2,524288,190,2,9
971,19,1,2,524288,171,4,8
972,19,0,3,524288,1159,2,6
973,19,1,3,524288,1140,4,5
974,19,2,3,524288,969,8,5
975,19,0,4,524288,5035,2,4
976,19,1,4,524288,5016,4,4
977,19,2,4,524288,4845,8,4
978,19,3,4,524288,3876,16,3
979,19,0,5,524288,16663,2,3
980,19,1,5,524288,16644,4,3
981,19,2,5,524288,16473,8,3
982,19,3,5,524288,15504,16,3
983,19,4,5,524288,11628,32,2
984,19,0,6,524288,43795,2,3
985,19,1,6,524288,43776,4,2
986,19,2,6,524288,43605,8,2
987,19,3,6,524288,42636,16,2
988,19,4,6,524288,38760,32,2
989,19,5,6,524288,27132,64,2
990,19,0,7,524288,94183,2,2
991,19,1,7,524288,94164,4,2
992,19,2,7,524288,93993,8,2
993,19,3,7,524288,93024,16,2
994,19,4,7,524288,89148,32,2
995,19,5,7,524288,77520,64,1
996,19,6,7,524288,50388,128,1
997,19,0,8,524288,169765,2,2
998,19,1,8,524288,169746,4,2
999,19,2,8,524288,169575,8,2
1000,19,3,8,524288,168606,16,1
1001,19,4,8,524288,164730,32,1
1002,19,5,8,524288,153102,64,1
1003,19,6,8,524288,125970,128,1
1004,19,7,8,524288,75582,256,1
1005,19,0,9,524288,262143,2,2
1006,19,1,9,524288,262124,4,1
1007,19,2,9,524288,261953,8,1
1008,19,3,9,524288,260984,16,1
1009,19,4,9,524288,257108,32,1
1010,19,5,9,524288,245480,64,1
1011,19,6,9,524288,218348,128,1
1012,19,7,9,524288,167960,256,1
1013,19,8,9,524288,92378,512,1
1014,19,0,10,524288,354521,2,1
1015,19,1,10,524288,354502,4,1
1016,19,2,10,524288,354331,8,1
1017,19,3,10,524288,353362,16,1
1018,19,4,10,524288,349486,32,1
1019,19,5,10,524288,337858,64,1
1020,19,6,10,524288,310726,128,1
1021,19,7,10,524288,260338,256,1
1022,19,8,10,524288,184756,512,1
1023,19,9,10,524288,92378,512,0
1024,19,0,11,524288,430103,2,1
1025,19,1,11,524288,430084,4,1
1026,19,2,11,524288,429913,8,1
1027,19,3,11,524288,428944,16,1
1028,19,4,11,524288,425068,32,1
1029,19,5,11,524288,413440,64,1
1030,19,6,11,524288,386308,128,1
1031,19,7,11,524288,335920,256,1
1032,19,8,11,524288,260338,256,0
1033,19,9,11,524288,167960,256,0
1034,19,10,11,524288,75582,256,0
1035,19,0,12,524288,480491,2,1
1036,19,1,12,524288,480472,4,1
1037,19,2,12,524288,480301,8,1
1038,19,3,12,524288,479332,16,1
1039,19,4,12,524288,475456,32,1
1040,19,5,12,524288,463828,64,1
1041,19,6,12,524288,436696,128,1
1042,19,7,12,524288,386308,128,0
1043,19,8,12,524288,310726,128,0
1044,19,9,12,524288,218348,128,0
1045,19,10,12,524288,125970,128,0
1046,19,11,12,524288,50388,128,0
1047,19,0,13,524288,507623,2,1
1048,19,1,13,524288,507604,4,1
1049,19,2,13,524288,507433,8,1
1050,19,3,13,524288,506464,16,1
1051,19,4,13,524288,502588,32,1
1052,19,5,13,524288,490960,64,1
1053,19,6,13,524288,463828,64,0
1054,19,7,13,524288,413440,64,0
1055,19,8,13,524288,337858,64,0
1056,19,9,13,524288,245480,64,0
1057,19,10,13,524288,153102,64,0
1058,19,11,13,524288,77520,64,0
1059,19,12,13,524288,27132,64,0
1060,19,0,14,524288,519251,2,1
1061,19,1,14,524288,519232,4,1
1062,19,2,14,524288,519061,8,1
1063,19,3,14,524288,518092,16,1
1064,19,4,14,524288,514216,32,1
1065,19,5,14,524288,502588,32,0
1066,19,6,14,524288,475456,32,0
1067,19,7,14,524288,425068,32,0
1068,19,8,14,524288,349486,32,0
1069,19,9,14,524288,257108,32,0
1070,19,10,14,524288,164730,32,0
1071,19,11,14,524288,89148,32,0
1072,19,12,14,524288,38760,32,0
1073,19,13,14,524288,11628,32,0
1074,19,0,15,524288,523127,2,1
1075,19,1,15,524288,523108,4,1
1076,19,2,15,524288,522937,8,1
1077,19,3,15,524288,521968,16,1
1078,19,4,15,524288,518092,16,0
1079,19,5,15,524288,506464,16,0
1080,19,6,15,524288,479332,16,0
1081,19,7,15,524288,428944,16,0
1082,19,8,15,524288,353362,16,0
1083,19,9,15,524288,260984,16,0
1084,19,10,15,524288,168606,16,0
1085,19,11,15,524288,93024,16,0
1086,19,12,15,524288,42636,16,0
1087,19,13,15,524288,15504,16,0
1088,19,14,15,524288,3876,16,0
1089,19,0,16,524288,524096,2,1
1090,19,1,16,524288,524077,4,1
1091,19,2,16,524288,523906,8,1
1092,19,3,16,524288,522937,8,0
1093,19,4,16,524288,519061,8,0
1094,19,5,16,524288,507433,8,0
1095,19,6,16,524288,480301,8,0
1096,19,7,16,524288,429913,8,0
1097,19,8,16,524288,354331,8,0
1098,19,9,16,524288,261953,8,0
1099,19,10,16,524288,169575,8,0
1100,19,11,16,524288,93993,8,0
1101,19,12,16,524288,43605,8,0
1102,19,13,16,524288,16473,8,0
1103,19,14,16,524288,4845,8,0
1104,19,15,16,524288,969,8,0
1105,19,0,17,524288,524267,2,1
1106,19,1,17,524288,524248,4,1
1107,19,2,17,524288,524077,4,0
1108,19,3,17,524288,523108,4,0
1109,19,4,17,524288,519232,4,0
1110,19,5,17,524288,507604,4,0
1111,19,6,17,524288,480472,4,0
1112,19,7,17,524288,430084,4,0
1113,19,8,17,524288,354502,4,0
1114,19,9,17,524288,262124,4,0
1115,19,10,17,524288,169746,4,0
1116,19,11,17,524288,94164,4,0
1117,19,12,17,524288,43776,4,0
1118,19,13,17,524288,16644,4,0
1119,19,14,17,524288,5016,4,0
1120,19,15,17,524288,1140,4,0
1121,19,16,17,524288,171,4,0
1122,19,0,18,524288,524286,2,1
1123,19,1,18,524288,524267,2,0
1124,19,2,18,524288,524096,2,0
1125,19,3,18,524288,523127,2,0
1126,19,4,18,524288,519251,2,0
1127,19,5,18,524288,507623,2,0
1128,19,6,18,524288,480491,2,0
1129,19,7,18,524288,430103,2,0
1130,19,8,18,524288,354521,2,0
1131,19,9,18,524288,262143,2,0
1132,19,10,18,524288,169765,2,0
1133,19,11,18,524288,94183,2,0
1134,19,12,18,524288,43795,2,0
1135,19,13,18,524288,16663,2,0
1136,19,14,18,524288,5035,2,0
1137,19,15,18,524288,1159,2,0
1138,19,16,18,524288,190,2,0
1139,19,17,18,524288,19,2,0
1140,20,0,1,1048576,20,2,19
1141,20,0,2,1048576,210,2,9
1142,20,1,2,1048576,190,4,9
1143,20,0,3,1048576,1350,2,6
1144,20,1,3,1048576,1330,4,6
1145,20,2,3,1048576,1140,8,5
1146,20,0,4,1048576,6195,2,4
1147,20,1,4,1048576,6175,4,4
1148,20,2,4,1048576,5985,8,4
1149,20,3,4,1048576,4845,16,4
1150,20,0,5,1048576,21699,2,3
1151,20,1,5,1048576,21679,4,3
1152,20,2,5,1048576,21489,8,3
1153,20,3,5,1048576,20349,16,3
1154,20,4,5,1048576,15504,32,3
1155,20,0,6,1048576,60459,2,3
1156,20,1,6,1048576,60439,4,3
1157,20,2,6,1048576,60249,8,2
1158,20,3,6,1048576,59109,16,2
1159,20,4,6,1048576,54264,32,2
1160,20,5,6,1048576,38760,64,2
1161,20,0,7,1048576,137979,2,2
1162,20,1,7,1048576,137959,4,2
1163,20,2,7,1048576,137769,8,2
1164,20,3,7,1048576,136629,16,2
1165,20,4,7,1048576,131784,32,2
1166,20,5,7,1048576,116280,64,2
1167,20,6,7,1048576,77520,128,1
1168,20,0,8,1048576,263949,2,2
1169,20,1,8,1048576,263929,4,2
1170,20,2,8,1048576,263739,8,2
1171,20,3,8,1048576,262599,16,2
1172,20,4,8,1048576,257754,32,1
1173,20,5,8,1048576,242250,64,1
1174,20,6,8,1048576,203490,128,1
1175,20,7,8,1048576,125970,256,1
1176,20,0,9,1048576,431909,2,2
1177,20,1,9,1048576,431889,4,2
1178,20,2,9,1048576,431699,8,1
1179,20,3,9,1048576,430559,16,1
1180,20,4,9,1048576,425714,32,1
1181,20,5,9,1048576,410210,64,1
1182,20,6,9,1048576,371450,128,1
1183,20,7,9,1048576,293930,256,1
1184,20,8,9,1048576,167960,512,1
1185,20,0,10,1048576,616665,2,1
1186,20,1,10,1048576,616645,4,1
1187,20,2,10,1048576,616455,8,1
1188,20,3,10,1048576,615315,16,1
1189,20,4,10,1048576,610470,32,1
1190,20,5,10,1048576,594966,64,1
1191,20,6,10,1048576,556206,128,1
1192,20,7,10,1048576,478686,256,1
1193,20,8,10,1048576,352716,512,1
1194,20,9,10,1048576,184756,1024,1
1195,20,0,11,1048576,784625,2,1
1196,20,1,11,1048576,784605,4,1
1197,20,2,11,1048576,784415,8,1
1198,20,3,11,1048576,783275,16,1
1199,20,4,11,1048576,778430,32,1
1200,20,5,11,1048576,762926,64,1
1201,20,6,11,1048576,724166,128,1
1202,20,7,11,1048576,646646,256,1
1203,20,8,11,1048576,520676,512,1
1204,20,9,11,1048576,352716,512,0
1205,20,10,11,1048576,167960,512,0
1206,20,0,12,1048576,910595,2,1
1207,20,1,12,1048576,910575,4,1
1208,20,2,12,1048576,910385,8,1
1209,20,3,12,1048576,909245,16,1
1210,20,4,12,1048576,904400,32,1
1211,20,5,12,1048576,888896,64,1
1212,20,6,12,1048576,850136,128,1
1213,20,7,12,1048576,772616,256,1
1214,20,8,12,1048576,646646,256,0
1215,20,9,12,1048576,478686,256,0
1216,20,10,12,1048576,293930,256,0
1217,20,11,12,1048576,125970,256,0
1218,20,0,13,1048576,988115,2,1
1219,20,1,13,1048576,988095,4,1
1220,20,2,13,1048576,987905,8,1
1221,20,3,13,1048576,986765,16,1
1222,20,4,13,1048576,981920,32,1
1223,20,5,13,1048576,966416,64,1
1224,20,6,13,1048576,927656,128,1
1225,20,7,13,1048576,850136,128,0
1226,20,8,13,1048576,724166,128,0
1227,20,9,13,1048576,556206,128,0
1228,20,10,13,1048576,371450,128,0
1229,20,11,13,1048576,203490,128,0
1230,20,12,13,1048576,77520,128,0
1231,20,0,14,1048576,1026875,2,1
1232,20,1,14,1048576,1026855,4,1
1233,20,2,14,1048576,1026665,8,1
1234,20,3,14,1048576,1025525,16,1
1235,20,4,14,1048576,1020680,32,1
1236,20,5,14,1048576,1005176,64,1
1237,20,6,14,1048576,966416,64,0
1238,20,7,14,1048576,888896,64,0
1239,20,8,14,1048576,762926,64,0
1240,20,9,14,1048576,594966,64,0
1241,20,10,14,1048576,410210,64,0
1242,20,11,14,1048576,242250,64,0
1243,20,12,14,1048576,116280,64,0
1244,20,13,14,1048576,38760,64,0
1245,20,0,15,1048576,1042379,2,1
1246,20,1,15,1048576,1042359,4,1
1247,20,2,15,1048576,1042169,8,1
1248,20,3,15,1048576,1041029,16,1
1249,20,4,15,1048576,1036184,32,1
1250,20,5,15,1048576,1020680,32,0
1251,20,6,15,1048576,981920,32,0
1252,20,7,15,1048576,904400,32,0
1253,20,8,15,1048576,778430,32,0
1254,20,9,15,1048576,610470,32,0
1255,20,10,15,1048576,425714,32,0
1256,20,11,15,1048576,257754,32,0
1257,20,12,15,1048576,131784,32,0
1258,20,13,15,1048576,54264,32,0
1259,20,14,15,1048576,15504,32,0
1260,20,0,16,1048576,1047224,2,1
1261,20,1,16,1048576,1047204,4,1
1262,20,2,16,1048576,1047014,8,1
1263,20,3,16,1048576,1045874,16,1
1264,20,4,16,1048576,1041029,16,0
1265,20,5,16,1048576,1025525,16,0
1266,20,6,16,1048576,986765,16,0
1267,20,7,16,1048576,909245,16,0
1268,20,8,16,1048576,783275,16,0
1269,20,9,16,1048576,615315,16,0
1270,20,10,16,1048576,430559,16,0
1271,20,11,16,1048576,262599,16,0
1272,20,12,16,1048576,136629,16,0
1273,20,13,16,1048576,59109,16,0
1274,20,14,16,1048576,20349,16,0
1275,20,15,16,1048576,4845,16,0
1276,20,0,17,1048576,1048364,2,1
1277,20,1,17,1048576,1048344,4,1
1278,20,2,17,1048576,1048154,8,1
1279,20,3,17,1048576,1047014,8,0
1280,20,4,17,1048576,1042169,8,0
1281,20,5,17,1048576,1026665,8,0
1282,20,6,17,1048576,987905,8,0
1283,20,7,17,1048576,910385,8,0
1284,20,8,17,1048576,784415,8,0
1285,20,9,17,1048576,616455,8,0
1286,20,10,17,1048576,431699,8,0
1287,20,11,17,1048576,263739,8,0
1288,20,12,17,1048576,137769,8,0
1289,20,13,17,1048576,60249,8,0
1290,20,14,17,1048576,21489,8,0
1291,20,15,17,1048576,5985,8,0
1292,20,16,17,1048576,1140,8,0
1293,20,0,18,1048576,1048554,2,1
1294,20,1,18,1048576,1048534,4,1
1295,20,2,18,1048576,1048344,4,0
1296,20,3,18,1048576,1047204,4,0
1297,20,4,18,1048576,1042359,4,0
1298,20,5,18,1048576,1026855,4,0
1299,20,6,18,1048576,988095,4,0
1300,20,7,18,1048576,910575,4,0
1301,20,8,18,1048576,784605,4,0
1302,20,9,18,1048576,616645,4,0
1303,20,10,18,1048576,431889,4,0
1304,20,11,18,1048576,263929,4,0
1305,20,12,18,1048576,137959,4,0
1306,20,13,18,1048576,60439,4,0
1307,20,14,18,1048576,21679,4,0
1308,20,15,18,1048576,6175,4,0
1309,20,16,18,1048576,1330,4,0
1310,20,17,18,1048576,190,4,0
1311,20,0,19,1048576,1048574,2,1
1312,20,1,19,1048576,1048554,2,0
1313,20,2,19,1048576,1048364,2,0
1314,20,3,19,1048576,1047224,2,0
1315,20,4,19,1048576,1042379,2,0
1316,20,5,19,1048576,1026875,2,0
1317,20,6,19,1048576,988115,2,0
1318,20,7,19,1048576,910595,2,0
1319,20,8,19,1048576,784625,2,0
1320,20,9,19,1048576,616665,2,0
1321,20,10,19,1048576,431909,2,0
1322,20,11,19,1048576,263949,2,0
1323,20,12,19,1048576,137979,2,0
1324,20,13,19,1048576,60459,2,0
1325,20,14,19,1048576,21699,2,0
1326,20,15,19,1048576,6195,2,0
1327,20,16,19,1048576,1350,2,0
1328,20,17,19,1048576,210,2,0
1329,20,18,19,1048576,20,2,0
